Post Owner,Caption,Likes,Number of Comments,Image URLs,Media Count
kelzangtextiles,"We managed to get Pala model our new organic hand spun cotton and nettle totes next to his shop today. Needless to say he nailed it. Looking smart in his impeccable work clothes. We are thrilled to have Pala here because we have been neighbors for 30 odd years and still counting. Palaâ€™s little shop is just as it was during the early nineties,the treats and the candies still in the old vintage jars. As retro as it can get. A little corner of nostalgia and happinesses. We wish Pala good health and hoping we remain neighbors for many more years to come. 

P.s- The cotton is grown and hand spun in Pemagatshel in eastern Bhutan and can be sourced in scarce quantity.

#naturaldye#textilesofbhutan#textiles#textile#bhutanesetextile#bhutnaesetextiles#textilelover#mats#intircatemats#silk#supplementaryweft#weave#woven#kelzangtextiles#kelzanghandicraft#handicraft#craft#handicraftbhutan#bhutanese#bhutan#nettlefiber#nettle#tote#handmadebag#bhutanesebag#organiccotton#handspun#nettle",124,2,,6
kelzangtextiles,"All new Bura( Rawsilk) laptop sleeves in stock. The pattern is inspired from womenâ€™s Ada Rachu (ceremonial scarf), imparting traditional touch to modern utility. Its sturdy handwoven fabric provides the perfect protection for your device. Also available in a range of colors. Happy weekend ahead ğŸª»ğŸª».

#textilesofbhutan#textiles#textile#bhutanesetextile#bhutanesetextiles#textilelover#silk#supplementaryweft#weave#woven#kelzangtextiles#kelzanghandicraft#handicraft#craft#handicraftsofbhutan#bhutanesedress#traditionalscarf#bhutan#weavers#bhutaneseartsandcrafts#sustainability#homebased",85,1,,6
kelzangtextiles,"Our grandparents in the village would often mention the concept of extracting various hues from the natural world. Initially, this was met with skepticism, as people could not fathom such a process. However, as time progressed, we learned and took part in the process of natural dyeing. This process of natural dyeing endorsed the claims of our grandparents and their way of life. Nature presents itself as an extraordinary endowment. Our venture into dyeing has led us to utilize wild berries, which has resulted in an exceptional chromatic outcome. 
#bhutan#naturaldyeing#nature",79,0,,6
kelzangtextiles,"Currently, Bhutan is experiencing a remarkable rhododendron season and we took the opportunity to collect the exquisite petals from the forest. The petals of the rhododendron are then boiled to dye the yarns. You can be confident that our dyes are entirely organic, guaranteeing the highest standard of quality and environmental sustainability in the art of dyeing.
We are enthusiastic in using natural flowers for dyeing purposes at Kelzang HandicraftğŸ˜Š#naturaldye#bhutanesetextiles#bhutan#handmade",78,0,,3
kelzangtextiles,"Elegant and sturdy! By choosing our Handwoven Natural Dye Handspun Cotton Stole , you are not just embracing style; youâ€™re supporting sustainable fashion ğŸ¤—. Wrap yourself in the elegance of nature and tradition with this beautiful stole woven by our home based weavers ğŸ’›.

#stole#scarf#handwovenscarf#handwovenstole#rawsilk#runner#tablerunner#textilesofbhutan#silk#naturaldyed#vegetabledyed#runner#ethinic#craft#weave##placemat#mats#weaver#intricate#textilelovers#handloom#kelzanghandicraft#kelzangtextiles#thimphu#naturaldyedrunner#bhutan",60,0,,1
kelzangtextiles,"Itâ€™s been a minute , hope everyone is doing well ğŸ’œ. Just wanted to share our silk kimono sleeve tego with detailed back. Different color  options coming soon! Donâ€™t forget to check on us for update ğŸ˜Š.

#textilesofbhutan#textilelover#handmade#runner#tablerunner#textilesofbhutan#silk#naturaldyed#vegetabledyed#runner#ethinic#craft#weave#placemat#mats#kira#weaver#intricate#textilelovers#handloom#kelzanghandicraft#kelzangtextiles#thimphu#naturaldyedrunner#tego#tegojacket#bhutan",160,2,,3
kelzangtextiles,"Mr. Tomonori Matsuura, CEO of Sun Smile Co Ltd, an organic food manufacturer based in Japan has been one of our loyal and gracious customer and an ardent textile enthusiast. This time around Mr. Tomonori bought a set of assorted handwoven neck ties for his staff in Japan. We are overjoyed to receive the pictures of the staff wearing them and would like to thank Tomonori san for his support and kindness.",199,1,,3
kelzangtextiles,"Our exclusive silk â€˜Kerasâ€™ are too pretty not to make another post for you guys to enjoy! â˜ºï¸. Wishing everyone a wonderful week ahead ğŸ’›.",151,1,,4
kelzangtextiles,"""Summertime threads: Embrace the sun-kissed season with our vibrant blue silk Kira with soft natural dye traditional motifs. â€œ
Traditional patterns and motifs depicting flowers, animals, and natural elements are meticulously woven into the fabric, reflecting the beauty and abundance of the summer season. The textiles not only serve as practical garments but also as artistic expressions of Bhutan's natural environment and its people's deep connection to their land. Whether worn for everyday use or during festive occasions, Bhutanese traditional textile embody a sense of joy, celebration, and a profound appreciation for nature's bountiful gifts.
ğŸŒºğŸŒ»ğŸŒğŸŒ¸ğŸŒ¿",138,4,,4
kelzangtextiles,"This gorgeous natural dye rawsilk runner in all its glory of oversized thrima motifs can make a splendid runner or a wall tapestry ğŸ’›.

#naturaldye#textilesofbhutan#textiles#textile#bhutanesetextile#bhutnaesetextiles#textilelover#mats#intircatemats#silk#supplementaryweft#weave#woven#kelzangtextiles#kelzanghandicraft#handicraft#craft#handicraftbhutan#bhutanesedress#kira#runner#handwovenrunner",89,1,,1
kelzangtextiles,"Hope everyone had a wonderful weekend. Here is Nyingtsen holding a beautiful panel of natural dye silk Kira.

#naturaldye#textilesofbhutan#textiles#textile#bhutanesetextile#bhutnaesetextiles#textilelover#mats#intircatemats#silk#supplementaryweft#weave#woven#kelzangtextiles#kelzanghandicraft#handicraft#craft#handicraftbhutan#bhutanesedress#kira#runner#handwovenrunner",114,0,,2
kelzangtextiles,"Common plants and fruits that we use in our dyeing. Rhododendron flowers, onion skin, walnut cover , lac, madder, indigo plant, artemisia, marijuana.Thrilled to share these beautiful yarns that we dyed over the weekend.

#naturaldye#textilesofbhutan#textiles#textile#bhutanesetextile#bhutnaesetextiles#textilelover#mats#intircatemats#silk#supplementaryweft#weave#woven#kelzangtextiles#kelzanghandicraft#handicraft#craft#handicraftbhutan#bhutanesedress#kira",179,3,,9
kelzangtextiles,"Currently on the loom ğŸ˜, classic thara silk mats with natural home dyed yarns.

#naturaldye#textilesofbhutan#textiles#textile#bhutanesetextile#bhutnaesetextiles#textilelover#mats#intircatemats#silk#supplementaryweft#weave#woven#kelzangtextiles#kelzanghandicraft#handicraft#craft#handicraftbhutan#bhutanesedress#kira",103,0,,1
kelzangtextiles,"Pema Choden , 47 is a mother of two from Mongar. She started weaving after coming to Thimphu about twenty years ago. Her husband is a mechanic. Her income from weaving is used for running her household and on her two boys. Pema has been working with us for a very long time and is an excellent weaver and is gentle and soft spoken. She recently went through a serious health issue and we hope and pray that she fully recovers and continues to create beautiful art and a wonderful mother to her boys ğŸ’™. 

P.s- Pema is weaving our natural dye rawsilk runner.

#naturaldye#textilesofbhutan#textiles#textile#bhutanesetextile#bhutnaesetextiles#textilelover#mats#intircatemats#silk#supplementaryweft#weave#woven#kelzangtextiles#kelzanghandicraft#handicraft#craft#handicraftbhutan#bhutanesedress#handwovenrunner#handmade#bhutan#thimphu#weaversofbhutan#weaver",172,0,,6
kelzangtextiles,"Natural dye silk on cotton panel in all its earthly splendor and stunning motifs ğŸ’«.

#naturaldye#textilesofbhutan#textiles#textile#bhutanesetextile#bhutnaesetextiles#textilelover#mats#intircatemats#silk#supplementaryweft#weave#woven#kelzangtextiles#kelzanghandicraft#handicraft#craft#handicraftbhutan#bhutanesedress#kira",66,0,,1
kelzangtextiles,"Silk kishuthara with exquisite details and woven with yarns dyed at home ğŸ™Œ.

#naturaldye#textilesofbhutan#textiles#textile#bhutanesetextile#bhutnaesetextiles#textilelover#mats#intircatemats#silk#supplementaryweft#weave#woven#kelzangtextiles#kelzanghandicraft#handicraft#craft#handicraftbhutan#bhutanesedress#kira",133,2,,1
kelzangtextiles,"Natural dye raw-silk rachu ( traditional Bhutanese ceremonial scarf for women). Suffices for a perfect runner ğŸ™ŒğŸ‘.

#naturaldye#textilesofbhutan#textiles#textile#bhutanesetextile#bhutnaesetextiles#textilelover#mats#intircatemats#silk#supplementaryweft#weave#woven#kelzangtextiles#kelzanghandicraft#handicraft#craft#handicraftbhutan#bhutanesedress#kera#traditionalbelt#bhutan",129,0,,2
kelzangtextiles,"We have our natural dye nettle laptop bag and beautiful natural dye silk patterned tote bag in store now ğŸ¥°.

#naturaldye#textilesofbhutan#textiles#textile#bhutanesetextile#bhutnaesetextiles#textilelover#mats#intircatemats#silk#supplementaryweft#weave#woven#kelzangtextiles#kelzanghandicraft#handicraft#craft#handicraftbhutan#bhutanese#bhutan#nettlefiber#nettle#tote#handmadebag#bhutanesebag",132,2,,4
kelzangtextiles,"Sturdy nettle fibre tote bag with natural dyed rawsilk motifs. The dyes used are walnut cover, madder and onion cover.  It is a fantastic work bag which look smart yet are able to hold everyday essentials. ğŸ‘

#naturaldye#textilesofbhutan#textiles#textile#bhutanesetextile#bhutnaesetextiles#textilelover#mats#intircatemats#silk#supplementaryweft#weave#woven#kelzangtextiles#kelzanghandicraft#handicraft#craft#handicraftbhutan#bhutanese#bhutan#nettlefiber#nettle#tote#handmadebag#bhutanesebag",95,1,,1
kelzangtextiles,"Beautiful dress and jacket created out of our natural dye kishuthara in Japan. Thankyou mr. @matsuura_tomonori for doing this and for your support ğŸ¤. 

We would also like to wish everyone a very HAPPY NEW YEAR â™¥ï¸.

#naturaldye#textilesofbhutan#textiles#textile#bhutanesetextile#bhutnaesetextiles#textilelover#mats#intircatemats#silk#supplementaryweft#weave#woven#kelzangtextiles#kelzanghandicraft#handicraft#craft#handicraftbhutan#bhutanesedress#dress#japan",140,3,,3
kelzangtextiles,"As we move onto another year , we are grateful for the enormous support we were blessed with during the pandemic from our friends, family and clients , which enabled us to continue with our work. We certainly wouldnâ€™t be here without their support and kindness. We look forward to a beautiful year ahead with more creation and love. 

Featured - our signature â€˜ Thara Runnerâ€™ ğŸ’š

#naturaldye#textilesofbhutan#textiles#textile#bhutanesetextile#bhutnaesetextiles#textilelover#mats#intircatemats#silk#supplementaryweft#weave#woven#kelzangtextiles#kelzanghandicraft#handicraft#craft#handicraftbhutan#bhutanesedress#kera#traditionalbelt#bhutan#runner",174,0,,5
kelzangtextiles,"Silk on cotton clutches back in stockâ˜ºï¸ 
It can be used as a clutch or a sling bag. Perfect gift for loved ones ğŸ¥°ğŸ¥°
#happydecember#holiday#gift#naturaldye#textilesofbhutan#textiles#textile#bhutanesetextile#bhutnaesetextiles#textilelover#mats#intircatemats#silk#supplementaryweft#weave#woven#kelzangtextiles#kelzanghandicraft#handicraft#craft#handicraftbhutan#bhutanesedress#kera#traditionalbelt#bhutan",135,2,,10
kelzangtextiles,"Natural dye silk on silk Kishuthara with intricate japang design in pastel shades ğŸ€ğŸŒ¸. The dyes used are indigo, lac, rhododendron flowers, onion skin, walnut husk , madder and marijuana leaves. 

Wishing everyone a wonderful week ahead ğŸ’«.

#naturaldye#textilesofbhutan#textiles#textile#bhutanesetextile#bhutnaesetextiles#textilelover#mats#intircatemats#silk#supplementaryweft#weave#woven#kelzangtextiles#kelzanghandicraft#handicraft#craft#handicraftbhutan#bhutanesedress#kera#traditionalbelt#bhutan",266,2,,3
kelzangtextiles,"At Chizu, Arai San taught Ama the art of weaving on their traditional loom called the â€œYuuki Bataâ€. 
Arai San also taught us the process of making the â€œKaramushiâ€- nettle yarn. It was another fun day of learning about the art of weaving of another country. 
#arigatoujapanğŸ‡¯ğŸ‡µ#japantextile",247,0,,10
kelzangtextiles,"Yuki san taught us their indigo dyeing process at her home in Saitama. It was similar to ours in many ways and we ended up having a lot of fun. In Japan, indigo dye is known as ai-zome. The dye can actually be extracted from a variety of plants. Today, ai-zome still exists as a craft in Japan, though the number of workshops and skilled artisans is diminishing because of pressure from chemical dye factories and decreased demand.

#naturaldye#textilesofbhutan#textiles#textile#bhutanesetextile#bhutnaesetextiles#textilelover#mats#intircatemats#silk#supplementaryweft#weave#woven#kelzangtextiles#kelzanghandicraft#handicraft#craft#handicraftbhutan#bhutanesedress#kera#traditionalbelt#bhutan#thimphu",184,1,,10
kelzangtextiles,"Our textiles taking over the streets of Chizu ğŸ˜ŠğŸ‡¯ğŸ‡µğŸ’›.

#naturaldye#textilesofbhutan#textiles#textile#bhutanesetextile#bhutnaesetextiles#textilelover#mats#intircatemats#silk#supplementaryweft#weave#woven#kelzangtextiles#kelzanghandicraft#handicraft#craft#handicraftbhutan#bhutanesedress#kera#traditionalbelt#bhutan#thimphu",166,2,,5
kelzangtextiles,"Day 2- Jambay san demonstrating â€˜kishutharaâ€™ weaving & Choying taking over as mc for Kira and kimono cross culture exchange exhibition. The Kimonos are ascetically fascinating and captures the exquisite elegance of Japanese culture and design. There are different styles of kimonos for different occasions. Kimonos are made from various handmade and hand-decorated fabrics. Traditionally, these include linen, silk, and hemp. Today, materials like rayon, cotton, and polyester are often used. Unsurprisingly, however, the traditional, non-synthetic fabrics are favoured ğŸ‘˜.

#naturaldye#textilesofbhutan#textiles#textile#bhutanesetextile#bhutnaesetextiles#textilelover#mats#intircatemats#silk#supplementaryweft#weave#woven#kelzangtextiles#kelzanghandicraft#handicraft#craft#handicraftbhutan#bhutanesedress#kera#traditionalbelt#bhutan#thimphu",482,7,,6
kelzangtextiles,"Hi guys, we are in Japan! ğŸ‡¯ğŸ‡µ On invitation of Mr. Kurosawa Hachiro, Mayor of Ueno-mura, to showcase our textile on a two day exhibition. We are thrilled to be at this picturesque little village and to see our old friend Otani san and his wife and meet all the wonderful people of Ueno.

#naturaldye#textilesofbhutan#textiles#textile#bhutanesetextile#bhutnaesetextiles#textilelover#mats#intircatemats#silk#supplementaryweft#weave#woven#kelzangtextiles#kelzanghandicraft#handicraft#craft#handicraftbhutan#bhutanesedress#kera#traditionalbelt#bhutan#thimphu",355,9,,10
kelzangtextiles,"Thimphu Tshechu is finally back and Nyingtsen couldnâ€™t have been more excited to get dressed in this beautiful ngosham vintage kira of her Amaâ€™s paired with our vegetable dye silk rachu blending perfectly with our silk natural dye bag. Wishing everyone a blessed week accompanied with hope, strength and love. ğŸ’«

#bhutanesetraditionalbag#bag#traditionalbag#runner#tablerunner#textilesofbhutan#silk#naturaldyed#vegetabledyed#runner#ethinic#craft#weave#placemat#mats#weaver#intricate#textilelovers#handloom#kelzanghandicraft#kelzangtextiles#thimphu#naturaldyedrunner#bhutan",1470,2,,3
kelzangtextiles,"Beautifully detailed natural dye silk place mats. They can also be left full length and used as a runner / wall hanging . Wishing evening one an amazing week ahead ğŸ’«.

#bhutanesetraditionalbag#bag#traditionalbag#runner#tablerunner#textilesofbhutan#silk#naturaldyed#vegetabledyed#runner#ethinic#craft#weave#placemat#mats#weaver#intricate#textilelovers#handloom#kelzanghandicraft#kelzangtextiles#thimphu#naturaldyedrunner#bhutan",125,1,,1
kelzangtextiles,"Ningtshen and Jikel helping us collect walnuts from the big old beautiful walnut tree right infront of our house. The walnut husk is separated and boiled for natural dyeing. Walnut gives us the rich earthy brown color. And Jikel singing on his uke was an add on fun! ğŸ¤© 

#textilesofbhutan#textilelover#handmade#runner#tablerunner#textilesofbhutan#silk#naturaldye#vegetabledyed#runner#ethinic#craft#weave##placemat#mats#kira#weaver#intricate#textilelovers#handloom#kelzanghandicraft#kelzangtextiles#thimphu#naturaldyedrunner#bhutan",170,4,,6
kelzangtextiles,"Starting the week right with this pretty silk round bag ğŸ¤.

#naturaldye#textilesofbhutan#textiles#textile#bhutanesetextile#bhutnaesetextiles#textilelover#mats#intircatemats#silk#supplementaryweft#weave#woven#kelzangtextiles#kelzanghandicraft#handicraft#craft#handicraftbhutan#bhutanese#bhutan#nettlefiber#nettle#tote#handmadebag#bhutanesebag",202,2,,2
kelzangtextiles,"Eighteen year old Kelzang on her pedal loom in 1986 with our good friend Otani san. Otani san works for a non profit called the NPO Earth Works Society. The beautiful panel they are holding is a matha metochem kira which was later bought by Otani san when Kelzang finished weaving the remaining panels. Kelzang and Choying will be soon joining Otani san in Japan for an exhibition ğŸ˜ƒâ­ï¸.

#naturaldye#textilesofbhutan#textiles#textile#bhutanesetextile#bhutnaesetextiles#textilelover#mats#intircatemats#silk#supplementaryweft#weave#woven#kelzangtextiles#kelzanghandicraft#handicraft#craft#handicraftbhutan#bhutanesedress#kera#traditionalbelt#bhutan#thimphu",225,0,,1
kelzangtextiles,"Intricately woven silk kera in copper brown & baby blue with natural dye silk motifs & metallic details â­ï¸

#naturaldye#textilesofbhutan#textiles#textile#bhutanesetextile#bhutnaesetextiles#textilelover#mats#intircatemats#silk#supplementaryweft#weave#woven#kelzangtextiles#kelzanghandicraft#handicraft#craft#handicraftbhutan#bhutanesedress#kera#traditionalbelt",185,5,,4
kelzangtextiles,"Silk purse with metal strap detail look so chic and pretty ğŸ˜.

#textilesofbhutan#textilelover#handmade#runner#tablerunner#textilesofbhutan#silk#naturaldyed#vegetabledyed#runner#ethinic#craft#weave#silkpurse#clutch#handmadepurse#intricate#textilelovers#handloom#kelzanghandicraft#kelzangtextiles#thimphu#naturaldyedrunner#bhutan#vintagebhutan#loom#traditionalloom#weaver#weaversofbhutan",148,2,,3
kelzangtextiles,"Had to post these as our mini models looked too adorable in our tego jackets ğŸ¥°ğŸ˜.

#textilesofbhutan#textilelover#handmade#runner#tablerunner#textilesofbhutan#silk#naturaldyed#vegetabledyed#runner#ethinic#craft#weave#placemat#mats#kira#weaver#intricate#textilelovers#handloom#kelzanghandicraft#kelzangtextiles#thimphu#naturaldyedrunner#tego#tegojacket#bhutan",441,3,,3
kelzangtextiles,"#textilesofbhutan#textilelover#handmade#runner#tablerunner#textilesofbhutan#silk#naturaldyed#vegetabledyed#runner#ethinic#craft#weave#placemat#mats#kira#weaver#intricate#textilelovers#handloom#kelzanghandicraft#kelzangtextiles#thimphu#naturaldyedrunner#tego#tegojacket",103,0,,2
kelzangtextiles,"Tego jacket in royal blue ğŸ¦‹ğŸ”¹ğŸŒ€ğŸ§¿. 

Happy Sunday â˜€ï¸

#textilesofbhutan#textilelover#handmade#runner#tablerunner#textilesofbhutan#silk#naturaldyed#vegetabledyed#runner#ethinic#craft#weave#placemat#mats#kira#weaver#intricate#textilelovers#handloom#kelzanghandicraft#kelzangtextiles#thimphu#naturaldyedrunner#tego#tegojacket",261,5,,3
kelzangtextiles,"Nettle tote , laptop cover & pouch with natural dye rawsilk details ğŸ”…. 

Wishing everyone a wonderful day! ğŸ’›

#naturaldye#textilesofbhutan#textiles#textile#bhutanesetextile#bhutnaesetextiles#textilelover#mats#intircatemats#silk#supplementaryweft#weave#woven#kelzangtextiles#kelzanghandicraft#handicraft#craft#handicraftbhutan#bhutanese#bhutan#nettlefiber#nettle#tote#handmadebag#bhutanesebag",91,2,,3
kelzangtextiles,"Stunning kishuthara in this beautiful hue of turquoise green for @tensin_84 ğŸ”…ğŸ”…ğŸ”…

Thankyou aue for your support and for appreciating our work. We immensely cherish it la ğŸ’š.

#textilesofbhutan#textilelover#handmade#runner#tablerunner#textilesofbhutan#silk#naturaldyed#vegetabledyed#runner#ethinic#craft#weave#placemat#mats#kira#weaver#intricate#textilelovers#handloom#kelzanghandicraft#kelzangtextiles#thimphu#naturaldyedrunner#bhutan",1059,10,,4
kelzangtextiles,"Pastel natural dye silk motifs on black cotton ground half Kira ğŸ–¤

#textilesofbhutan#textilelover#handmade#runner#tablerunner#textilesofbhutan#silk#naturaldyed#vegetabledyed#runner#ethinic#craft#weave#placemat#mats#kira#weaver#intricate#textilelovers#handloom#kelzanghandicraft#kelzangtextiles#thimphu#naturaldyedrunner#bhutan",75,4,,4
kelzangtextiles,"On the loom today ğŸ˜Š. 

Kelzang is weaving a â€˜Phechungâ€™ Bhutanese traditional bag with natural dye rawsilk. They are woven on a backstrap loom, typically embellished with supplementary weft patterning techniques as â€˜Kushutharasâ€™. It is stitched together from one loom length, cut into two panels with lucky swastikas in the center. When the joined panels are folded to make the finished textile, the swastikas appear at the bottom of the bag.

#bhutanesetraditionalbag#bag#traditionalbag#runner#tablerunner#textilesofbhutan#silk#naturaldyed#vegetabledyed#runner#ethinic#craft#weave#placemat#mats#weaver#intricate#textilelovers#handloom#kelzanghandicraft#kelzangtextiles#thimphu#naturaldyedrunner#bhutan",201,3,,2
kelzangtextiles,"ğŸ§¿

#naturaldye#textilesofbhutan#textiles#textile#bhutanesetextile#bhutnaesetextiles#textilelover#mats#intircatemats#silk#supplementaryweft#weave#woven#kelzangtextiles#kelzanghandicraft#handicraft#craft#handicraftbhutan#bhutanesedress#kera#traditionalbelt",61,1,,3
kelzangtextiles,"A beautiful silk kera is a prerequisite for every women if you may ğŸ˜Š. Metallic gold hinted intricate motifs on a dusky black background ğŸ˜ âœ¨

#naturaldye#textilesofbhutan#textiles#textile#bhutanesetextile#bhutnaesetextiles#textilelover#mats#intircatemats#silk#supplementaryweft#weave#woven#kelzangtextiles#kelzanghandicraft#handicraft#craft#handicraftbhutan#bhutanesedress#kera#traditionalbelt",123,2,,4
kelzangtextiles,"Stripes â˜„ï¸One more from our tego jacket collection ğŸŒ·

#runner#tablerunner#textilesofbhutan#silk#naturaldyed#vegetabledyed#runner#ethinic#craft#weave#placemat#mats#weaver#intricate#textilelovers#handloom#kelzanghandicraft#kelzangtextiles#thimphu#naturaldyedrunner#bhutan#tego#jacket#tegojacket",184,3,,3
kelzangtextiles,"Miss Yangchen modeling our drawstring pouch , custom made for @goskini ğŸ™ƒğŸ˜

#textilesofbhutan#textilelover#handmade#runner#tablerunner#textilesofbhutan#silk#naturaldyed#vegetabledyed#runner#ethinic#craft#weave##placemat#mats#kira#weaver#intricate#textilelovers#handloom#kelzanghandicraft#kelzangtextiles#thimphu#naturaldyedrunner#bhutan",80,1,,3
kelzangtextiles,"Mustard yellow ã€½ï¸ğŸ”…. Vegetable dye rawsilk tego for @samanthamanti ğŸ˜Š. We hope you like it ğŸ’›.

#runner#tablerunner#textilesofbhutan#silk#naturaldyed#vegetabledyed#runner#ethinic#craft#weave#placemat#mats#weaver#intricate#textilelovers#handloom#kelzanghandicraft#kelzangtextiles#thimphu#naturaldyedrunner#bhutan#tego#jacket#tegojacket",246,8,,4
kelzangtextiles,"Bit of blue sky ğŸŒŒ, silk place mats woven by our weavers in Minjey, Lhuntse.

#runner#tablerunner#textilesofbhutan#silk#naturaldyed#vegetabledyed#runner#ethinic#craft#weave#placemat#mats#weaver#intricate#textilelovers#handloom#kelzanghandicraft#kelzangtextiles#thimphu#naturaldyedrunner#bhutan",96,1,,4
kelzangtextiles,"Happy weekend! ğŸ’

Vegetable dye silk Kishuthara panel ğŸŒ¸

#textilesofbhutan#textilelover#handmade#runner#tablerunner#textilesofbhutan#silk#naturaldye#vegetabledyed#runner#ethinic#craft#weave##placemat#mats#kira#weaver#intricate#textilelovers#handloom#kelzanghandicraft#kelzangtextiles#thimphu#naturaldyedrunner#bhutan",76,1,,2
kelzangtextiles,"Vegetable dyed silk rachu in peach ğŸŒ¸

#runner#tablerunner#textilesofbhutan#silk#naturaldyed#vegetabledyed#runner#ethinic#craft#weave#placemat#mats#weaver#intricate#textilelovers#handloom#kelzanghandicraft#kelzangtextiles#thimphu#naturaldyedrunner#bhutan",80,2,,2
kelzangtextiles,"Made our sunny boy Jikel model our rawsilk kimono tego with fringe detail ğŸ˜. Sending love and blessing to everyone ğŸ˜‡ğŸ•Š .

#runner#tablerunner#textilesofbhutan#silk#naturaldyed#vegetabledyed#runner#ethinic#craft#weave#placemat#mats#weaver#intricate#textilelovers#handloom#kelzanghandicraft#kelzangtextiles#thimphu#naturaldyedrunner#bhutan#tego#jacket#tegojacket",181,7,,5
kelzangtextiles,"Hello Spring!! ğŸŒ¸

This time around before the pandemic, we would be anticipating the arrival of the auspicious and popular Paro Tshechu, which is one of the most celebrated religious festival in Bhutan, and with it the multitude of foreign visitors. We hope it wonâ€™t be long before we get to revisit the glory of Paro Tshechu and other religious festivals âœ¨. 

The picture features one of our best seller. Intricate â€˜thrimaâ€™ patterned silk on cotton placemats. 

Prayers for everyone suffering through this dreadful time ğŸ™.

#runner#tablerunner#textilesofbhutan#silk#naturaldyed#vegetabledyed#runner#ethinic#craft#weave#placemat#mats#weaver#intricate#textilelovers#handloom#kelzanghandicraft#kelzangtextiles#thimphu#naturaldyedrunner#bhutan",115,1,,3
kelzangtextiles,"We are on the 15th day of the lockdown. We hope that everyone is keeping well and getting through this unsettling time with hope and determination. 

Looking forward to better days and in the meantime we hope you enjoy this elegant Kira panel with the intricate amulet or charm box â€˜gauâ€™ motif and hope that itâ€™s brings us the protection we need â­ï¸.

#textilesofbhutan#textilelover#handmade#runner#tablerunner#textilesofbhutan#silk#naturaldyed#vegetabledyed#runner#ethinic#craft#weave##placemat#mats#kira#weaver#intricate#textilelovers#handloom#kelzanghandicraft#kelzangtextiles#thimphu#naturaldyedrunner#bhutan",203,3,,3
kelzangtextiles,"Losar Tashi Delek. Wishing everyone a Happy Water Tiger Year. ğŸ¯ğŸ‰ğŸ’œ",181,6,,2
kelzangtextiles,"Silk on cotton â€˜Keraâ€™ ğŸ‚ğŸ. Love the â€˜Drami - knot of eternityâ€™ motif, which symbolizes the infinite wisdom of the Buddha and the union of compassion and understanding ğŸ™.",113,1,,4
kelzangtextiles,"Reposting our favoriteâ€™ vegetable dye rawsilk stoleâ€™ with figurative motifs.

#textilesofbhutan#textilelover#handmade#runner#tablerunner#textilesofbhutan#silk#naturaldyed#vegetabledyed#runner#ethinic#craft#weave#scarf#silkscarvesweaver#intricate#textilelovers#handloom#kelzanghandicraft#kelzangtextiles#thimphu#naturaldyedrunner#bhutan#vintagebhutan#loom#traditionalloom#weaver#weaversofbhutan",123,1,,1
kelzangtextiles,"Silk clutch with intricate â€˜thrimaâ€™ motifs. Adore the peachy tone ğŸ©°.

#textilesofbhutan#textilelover#handmade#runner#tablerunner#textilesofbhutan#silk#naturaldyed#vegetabledyed#runner#ethinic#craft#weave#silkpurse#clutch#handmadepurse#intricate#textilelovers#handloom#kelzanghandicraft#kelzangtextiles#thimphu#naturaldyedrunner#bhutan#vintagebhutan#loom#traditionalloom#weaver#weaversofbhutan",113,0,,4
kelzangtextiles,"Waitinâ€™ on Summer!! ğŸŒ¸

Multi toned silk scarves ğŸ­

#textilesofbhutan#textilelover#handmade#runner#tablerunner#textilesofbhutan#silk#naturaldyed#vegetabledyed#runner#ethinic#craft#weave#scarf#silkscarvesweaver#intricate#textilelovers#handloom#kelzanghandicraft#kelzangtextiles#thimphu#naturaldyedrunner#bhutan#vintagebhutan#loom#traditionalloom#weaver#weaversofbhutan",68,0,,4
kelzangtextiles,"Happy Birth Anniversary to His Majesty Druk Gyalpo Jigme Khesar Namgyel Wangchuck. Truly blessed and humbled by His Majestyâ€™s selfless, unwavering and relentless leadership. Wishing His Majesty long life, good health and happiness. 

#peoplesking ğŸ¤´ğŸ»ğŸ’›",54,0,,1
kelzangtextiles,"Shimmer & Shine â­ï¸.

Silk runners with metallic embellishmentâš¡ï¸.

#textilesofbhutan#textilelover#handmade#runner#tablerunner#textilesofbhutan#silk#naturaldyed#vegetabledyed#runner#ethinic#craft#weave##placemat#mats#weaver#intricate#textilelovers#handloom#kelzanghandicraft#kelzangtextiles#thimphu#naturaldyedrunner#bhutan#vintagebhutan#loom#traditionalloom#weaver#weaversofbhutan",81,1,,4
kelzangtextiles,"One with a matching tego & koma â˜€ï¸ğŸ¤— and also because Thinley makes such a pretty model ğŸ˜Š.

#textilesofbhutan#textilelover#handmade#runner#tablerunner#textilesofbhutan#silk#naturaldyed#vegetabledyed#runner#ethinic#craft#weave##placemat#mats#weaver#intricate#textilelovers#handloom#kelzanghandicraft#kelzangtextiles#thimphu#naturaldyedrunner#bhutan#vintagebhutan#loom#traditionalloom#weaver#weaversofbhutan",137,1,,2
kelzangtextiles,"Welcoming a beautiful sunny day after a wonderful snowfall yesterday with a vintage 80â€™s silk on cotton full Kira & a minimal motif silk Kera. Love how the embroidered mesh blouse blends with the ensemble ğŸ˜â„ï¸â˜€ï¸.

Kira was woven by both Kelzang and her sister Kinley around 1982 when they were living in Chubachu, Thimphu. 

#textilesofbhutan#textilelover#handmade#runner#tablerunner#textilesofbhutan#silk#naturaldyed#vegetabledyed#runner#ethinic#craft#weave##placemat#mats#weaver#intricate#textilelovers#handloom#kelzanghandicraft#kelzangtextiles#thimphu#naturaldyedrunner#bhutan#vintagebhutan#loom#traditionalloom#weaver#weaversofbhutan",213,12,,3
kelzangtextiles,"Just as things were looking up , we are once again on a lockdown. In spite of the setback we are nonetheless encouraged to get back to work as we look forward to new endeavors and eagerly anticipate to create and share our work. We want to thank our clients for their patience and support. We are also elated as we will be sharing the stories of our weavers without whom we wouldnâ€™t be able to do this. So, do string along and continue supporting home based weavers/artists and local businesses alike. We treasure your support ğŸ’œğŸ™ŒğŸ¼. 

Pic: Kelzang with her daughter circa 91 ğŸ’«.

#textilesofbhutan#textilelover#handmade#runner#tablerunner#textilesofbhutan#silk#naturaldyed#vegetabledyed#runner#ethinic#craft#weave##placemat#mats#weaver#intricate#textilelovers#handloom#kelzanghandicraft#kelzangtextiles#thimphu#naturaldyedrunner#bhutan#vintagebhutan#loom#traditionalloom#weaver#weaversofbhutan#art",159,2,,1
kelzangtextiles,"Silk â€˜keraâ€™ with metallic gold and silver motifs âœ¨

Wishing everyone a beautiful year ahead ğŸ˜ŠğŸ’«

#textilesofbhutan#textilelover#handmade#runner#tablerunner#textilesofbhutan#silk#naturaldyed#vegetabledyed#runner#ethinic#craft#weave##placemat#mats#weaver#intricate#textilelovers#handloom#kelzanghandicraft#kelzangtextiles#thimphu#naturaldyedrunner#bhutan",158,4,,4
kelzangtextiles,"Sheâ€™s a little piece of magic âœ¨
.
.
.
.
.
.
.
.
.
.
.
.
.
.
.
.
.
.
.
.
.
.
.
.
.
.
.
.
.

#procreate #digitalart #digitaldrawing #digitalillustration #illustrationartists #illustration #illustrator #illustrationsprocreate #bhutan #bhutanese #bhutaneseartists #art #create #creativity #explore #aesthetic #edit #colours #drawing #procreateart #peace #procreatedrawing #ideas #collection #quotes #lifequotes #designer #positivity #peace #colours #vibe #patterns",-1,8,,5
kelzangtextiles,"Natural dyed Rawsilk Rachu âš¡ï¸

#textilesofbhutan#textilelover#handmade#runner#tablerunner#textilesofbhutan#silk#naturaldyed#vegetabledyed#runner#ethinic#craft#weave##placemat#mats#weaver#intricate#textilelovers#handloom#kelzanghandicraft#kelzangtextiles#thimphu#naturaldyedrunner#bhutan#rachu#scarf#runner",71,0,,1
kelzangtextiles,"Met Angay Karma today at the Pangrizampa Lhakhang. She is from Trongsa and lives in Kabesa with her granddaughter and helps takecare of her great-grandkids. Sunday is her day off and here she is holding one of our silk pouch â˜ºï¸.

#textilesofbhutan#textilelover#handmade#runner#tablerunner#textilesofbhutan#silk#naturaldyed#vegetabledyed#runner#ethinic#craft#weave##placemat#mats#weaver#intricate#textilelovers#handloom#kelzanghandicraft#kelzangtextiles#thimphu#naturaldyedrunner#bhutan#rachu#scarf#runner",133,4,,4
kelzangtextiles,"Silk natural dye rachu ğŸ‚, can suffice for a beautiful runner. 

#textilesofbhutan#textilelover#handmade#runner#tablerunner#textilesofbhutan#silk#naturaldyed#vegetabledyed#runner#ethinic#craft#weave##placemat#mats#weaver#intricate#textilelovers#handloom#kelzanghandicraft#kelzangtextiles#thimphu#naturaldyedrunner#bhutan#rachu#scarf#runner",84,1,,3
kelzangtextiles,"Vegetable dyed silk on cotton tego ğŸ’¥

#textilesofbhutan#textilelover#handmade#runner#tablerunner#textilesofbhutan#silk#naturaldyed#vegetabledyed#runner#ethinic#craft#weave##placemat#mats#weaver#intricate#textilelovers#handloom#kelzanghandicraft#kelzangtextiles#thimphu#naturaldyedrunner#bhutan#tego#tegojacket#handwovenjacket#croppedjacket#traditionaljacket#bhutanesejacket",158,5,,4
kelzangtextiles,"Natural dyed silk on cotton keras instock âœ”ï¸

Warm greetings from Bella, Zhing & Ace to all our wonderful well wishers and patrons ğŸ¤—ğŸ’•ğŸ˜Š.

#textilesofbhutan#textilelover#handmade#runner#tablerunner#textilesofbhutan#silk#naturaldyed#vegetabledyed#runner#ethinic#craft#weave##placemat#mats#weaver#intricate#textilelovers#handloom#kelzanghandicraft#kelzangtextiles#thimphu#naturaldyedrunner#bhutan",126,2,,4
kelzangtextiles,"Wishing everyone a beautiful weekend ğŸ’«ğŸ¤©

#textilesofbhutan#textilelover#handmade#runner#tablerunner#textilesofbhutan#silk#naturaldyed#vegetabledyed#runner#ethinic#craft#weave##placemat#mats#weaver#intricate#textilelovers#handloom#kelzanghandicraft#kelzangtextiles#thimphu#naturaldyedrunner#bhutan",123,2,,2
kelzangtextiles,"Was so amazing taking pictures at the Dema Lhakhang today. Such a beautiful place ğŸ’«ğŸ™

#runner#tablerunner#textilesofbhutan#silk#naturaldyed#vegetabledyed#runner#ethinic#craft#weave##placemat#mats#weaver#intricate#textilelovers#handloom#kelzanghandicraft#kelzangtextiles#thimphu#naturaldyedrunner#bhutan",71,0,,1
kelzangtextiles,"Natural dyed rawsilk stole with silk â€˜thrimaâ€™ pattern. ğŸ

#runner#tablerunner#textilesofbhutan#silk#naturaldyed#vegetabledyed#runner#ethinic#craft#weave##placemat#mats#weaver#intricate#textilelovers#handloom#kelzanghandicraft#kelzangtextiles#thimphu#naturaldyedrunner#bhutan",76,3,,3
kelzangtextiles,"Couldnâ€™t help but share a picture of this beautiful loom at our Aunt Kinley. She is making a Kira with figurative bird motifs with vegetable dyed rawsilk yarn on a cotton ground. 

â˜˜ï¸ Canâ€™t ignore the well worn yartha mat ğŸ˜

#runner#tablerunner#textilesofbhutan#silk#naturaldyed#vegetabledyed#runner#ethinic#craft#weave##placemat#mats#weaver#intricate#textilelovers#handloom#kelzanghandicraft#kelzangtextiles#thimphu#naturaldyedrunner#bhutan",99,0,,1
kelzangtextiles,"It was lovely having Caroline over yesterday to join us with our dyeing session. ğŸ‘

We used beautiful marigolds ğŸŒ¼, madder and indigo vat ğŸŒ€. 
Baked some potatoes on the go ğŸ˜‹ ğŸ¥” .

#runner#tablerunner#textilesofbhutan#silk#naturaldyed#vegetabledyed#runner#ethinic#craft#weave##placemat#mats#weaver#intricate#textilelovers#handloom#kelzanghandicraft#kelzangtextiles#thimphu#naturaldyedrunner#bhutan",135,4,,9
kelzangtextiles,"Kelzang on her horizontal frame loom with her oldest daughter in 91â€™ (2nd slide). Kelzang is wearing a beautiful â€˜kushutharaâ€™ adorned with a pair of silver koma ğŸ˜. A Swiss who was working in Bhutan at the time was an admirer of their work and often came to see them at their home. She was living with her sisters in a joint family household. Her sisters Jurmey and Kinley are also weavers.

#vintagebhutan#vintage#bhutaneseart#bhutaneseculture#bhutanesetraditionalbag#bag#traditionalbag#runner#tablerunner#textilesofbhutan#silk#naturaldyed#vegetabledyed#runner#ethinic#craft#weave#placemat#mats#weaver#intricate#textilelovers#handloom#kelzanghandicraft#kelzangtextiles#thimphu#naturaldyedrunner#bhutan",179,0,,3
kelzangtextiles,"Bhutanese traditional bag â€˜Phechungâ€™ are woven on a backstrap loom, typically embellished with supplementary weft patterning techniques as â€˜Kushutharasâ€™. It is stitched together from one loom length, cut into two panels with lucky swastikas in the center. When the joined panels are folded to make the finished textile, the swastikas appear at the bottom of the bag. Handwoven fabric or leather straps are attached to the sides of the bag, which is closed by folding the open end (mouth) over to one side or tying it with a cord.

P.s- the panel as it is makes for a beautiful runner ğŸ¤—. 

#bhutanesetraditionalbag#bag#traditionalbag#runner#tablerunner#textilesofbhutan#silk#naturaldyed#vegetabledyed#runner#ethinic#craft#weave#placemat#mats#weaver#intricate#textilelovers#handloom#kelzanghandicraft#kelzangtextiles#thimphu#naturaldyedrunner#bhutan",149,5,,2
kelzangtextiles,"Uncut natural dyed silk place mat panel. Wishing everyone a fulfilling week ahead ğŸ’«ğŸŒ±.

#runner#tablerunner#textilesofbhutan#silk#naturaldyed#vegetabledyed#runner#ethinic#craft#weave##placemat#mats#weaver#intricate#textilelovers#handloom#kelzanghandicraft#kelzangtextiles#thimphu#naturaldyedrunner#bhutan",70,0,,2
kelzangtextiles,"Silk place mats with natural dyed â€˜Thrimaâ€™ motifs. They come in a set of six. The panel can be left uncut and used as wall hanging/runner.

#runner#tablerunner#textilesofbhutan#silk#naturaldyed#vegetabledyed#runner#ethinic#craft#weave##placemat#mats#weaver#intricate#textilelovers#handloom#kelzanghandicraft#kelzangtextiles#thimphu#naturaldyedrunner#bhutan",97,0,,3
kelzangtextiles,"Happy 10th Royal Wedding Anniversary to their Majesties. We are overjoyed and our hearts are full. Long live your Majesties ğŸ’›ğŸ’›ğŸ’›.",125,0,,3
kelzangtextiles,"4 year old Choying with Kelzang in 1999 at the shop. ğŸ˜ğŸ’« Our shop was then located at the Druk Shopping Complex in Norzin Lam. âœ¨

#naturaldye#textilesofbhutan#textiles#textile#bhutanesetextile#bhutnaesetextiles#textilelover#mats#intircatemats#silk#supplementaryweft#weave#woven#kelzangtextiles#kelzanghandicraft#handicraft#craft#handicraftbhutan#bhutanesedress#belt#runner#bhutan",159,2,,1
kelzangtextiles,"Summer afternoonâ€”summer afternoon; to me those have always been the two most beautiful words in the English language.
-Henry James

We will utterly miss working in the beautiful summer afternoons ğŸŒºğŸ¥². 

Pictures from few days ago when we dyed our yarns with pomegranates ğŸ™.

#runner#tablerunner#textilesofbhutan#silk#naturaldyed#vegetabledyed#runner#ethinic#craft#weave#weaver#intricate#textilelovers#handloom#kelzanghandicraft#kelzangtextiles#thimphu#naturaldyedrunner#bhutan",92,2,,7
kelzangtextiles,"Thinley lending a helping hand ğŸ’™ğŸŒ€.

#runner#tablerunner#textilesofbhutan#silk#naturaldyed#vegetabledyed#runner#ethinic#craft#weave#weaver#intricate#textilelovers#handloom#kelzanghandicraft#kelzangtextiles#thimphu#naturaldyedrunner",110,0,,3
kelzangtextiles,"Natural dyed rawsilk â€˜Kishuthara Runnerâ€™. Wishing everyone a beautiful week ahead ğŸ’«ğŸ¤.

#runner#tablerunner#textilesofbhutan#silk#naturaldyed#vegetabledyed#runner#ethinic#craft#weave#weaver#intricate#textilelovers#handloom#kelzanghandicraft#kelzangtextiles#thimphu#naturaldyedrunner",72,0,,5
kelzangtextiles,"Turquoise Silk Kera with natural dyed silk motifs with hints of metallic silver ğŸ¦‹. 

#naturaldye#textilesofbhutan#textiles#textile#bhutanesetextile#bhutnaesetextiles#textilelover#mats#intircatemats#silk#supplementaryweft#weave#woven#kelzangtextiles#kelzanghandicraft#handicraft#craft#handicraftbhutan#bhutanesedress",137,2,,4
kelzangtextiles,"The global viral crisis has been very tough on all of us and we canâ€™t wait for things to get betterğŸ’«. Until then, letâ€™s keep our spirits high and face the road ahead. We would like to thank our patrons and well wishers for the support without which we certainly wouldnâ€™t have been able to continue working ğŸ˜‡. 

The best to come out of the pandemic was however getting to spend quality time with family ğŸ’›.

Jambay and Choying weaving during the first lockdown with Ja Karmo hanging around ğŸ˜.",115,1,,3
kelzangtextiles,"Vegetable dyed silk rachu in pastel motifs with ash ground. The yarns are dyed at home with walnut husk, onion skin , rhododendron flowers and artemisia.

#naturaldye#textilesofbhutan#textiles#textile#bhutanesetextile#bhutnaesetextiles#textilelover#mats#intircatemats#silk#supplementaryweft#weave#woven#kelzangtextiles#kelzanghandicraft#handicraft#craft#handicraftbhutan#bhutanesedress",89,8,,3
kelzangtextiles,"We couldnâ€™t wait to get on with dyeing with these indigo leaves that we just received this morning from Radhi, Trashigang. Canâ€™t wait to share the results ğŸ˜ƒğŸƒ

#naturaldye#textilesofbhutan#textiles#textile#bhutanesetextile#bhutnaesetextiles#textilelover#mats#intircatemats#silk#supplementaryweft#weave#woven#kelzangtextiles#kelzanghandicraft#handicraft#craft#handicraftbhutan#bhutanesedress",90,2,,8
kelzangtextiles,"Step up your causal look with a handwoven tego jacket ğŸ˜ƒğŸ¤­

#naturaldye#textilesofbhutan#textiles#textile#bhutanesetextile#bhutnaesetextiles#textilelover#mats#intircatemats#silk#supplementaryweft#weave#woven#kelzangtextiles#kelzanghandicraft#handicraft#craft#handicraftbhutan#bhutanesedress#tego#jacket#croppedjacket",68,0,,2
kelzangtextiles,"Rawsilk Tego Jacket with wide sleeve ğŸ˜ğŸ’«

#naturaldye#textilesofbhutan#textiles#textile#bhutanesetextile#bhutnaesetextiles#textilelover#mats#intircatemats#silk#supplementaryweft#weave#woven#kelzangtextiles#kelzanghandicraft#handicraft#craft#handicraftbhutan#tego#jacket#croppedjacket#handwovenjacket",112,8,,4
kelzangtextiles,"Today we went to visit our weavers in Chamgang. We had a lovely time looking at their work and their beautiful looms. In the first picture , We are at Pemaâ€™s house with her daughter Namsel Wangmo sitting next to her motherâ€™s loom. Women living in Chamgang are wives of police constables based in Phuentsholing. The families were relocated to Thimphu when the pandemic hit.

#naturaldye#textilesofbhutan#textiles#textile#bhutanesetextile#bhutnaesetextiles#textilelover#mats#intircatemats#silk#supplementaryweft#weave#woven#kelzangtextiles#kelzanghandicraft#handicraft#craft#handicraftbhutan#bhutanesedress#belt#runner#kera#belt#traditionalbelt",158,2,,7
kelzangtextiles,"Kera with vegetable dyed silk motifs available at the store ğŸ¤— 

#naturaldye#textilesofbhutan#textiles#textile#bhutanesetextile#bhutnaesetextiles#textilelover#mats#intircatemats#silk#supplementaryweft#weave#woven#kelzangtextiles#kelzanghandicraft#handicraft#craft#handicraftbhutan#bhutanesedress#belt#runner#kera#belt#traditionalbelt",141,5,,3
kelzangtextiles,"And it came out beautifully ğŸ˜.

#naturaldye#textilesofbhutan#textiles#textile#bhutanesetextile#bhutnaesetextiles#textilelover#mats#intircatemats#silk#supplementaryweft#weave#woven#kelzangtextiles#kelzanghandicraft#handicraft#craft#handicraftbhutan#bhutanesedress#belt#runner#",116,6,,3
kelzangtextiles,"Kelzang (in pink tego ğŸŒ¸) with some Japanese tourists in the early 90â€™s. ğŸ’«. Happy weekend!! ğŸ’œ",103,0,,1
kelzangtextiles,"Rawsilk panel with vegetable dyed â€˜Thrimaâ€™ pattern. This piece is ready to be tailored into a tego jacket for @goskini ğŸ˜Š. Meanwhile, we draped it as a scarf to show off its wonderful embellishment ğŸ˜ğŸ‘.

#naturaldye#textilesofbhutan#textiles#textile#bhutanesetextile#bhutnaesetextiles#textilelover#mats#intircatemats#silk#supplementaryweft#weave#woven#kelzangtextiles#kelzanghandicraft#handicraft#craft#handicraftbhutan#bhutanesedress#belt#runner#bhutan",65,1,,3
kelzangtextiles,"â€˜Keraâ€™ with natural dyed silk motifs on white/cream cotton background available at the store ğŸ˜Š. Hope everyone is keeping safe, warm wishes from Jikel and rest of the furry gang ğŸ¤—ğŸ¥³.

#naturaldye#textilesofbhutan#textiles#textile#bhutanesetextile#bhutnaesetextiles#textilelover#mats#intircatemats#silk#supplementaryweft#weave#woven#kelzangtextiles#kelzanghandicraft#handicraft#craft#handicraftbhutan#bhutanesedress#belt#runner#bhutan",121,2,,5
kelzangtextiles,"We are beyond thrilled and honored to be featured on the brand new issue of @yeewong_magazine. We owe @sonam777wangmo for telling our story beautifully , no one could have done it better la. We value your support for local art and artisans. We are motivated and inspired to say the least. Do grab yourself a copy of the latest edition of Yeewong Magazine to read our story and other amazing content. ğŸ˜âœ¨ğŸ€",119,11,,4
kelzangtextiles,"Happy Birth Anniversary to Her Majesty, Gyeltsuen Jetsun Pema Wangchuck ğŸ‘¸ğŸ»ğŸ’«âœ¨. Wishing Her Majesty good health and happiness ğŸ’›. 

Beautiful illustration of Her Majesty by @bluecap.media",65,0,,1
kelzangtextiles,"We have our silk on cotton â€˜keraâ€™ in stock ğŸ˜. Soft hues of vegetable dyed silk motifs on cotton ground ğŸŒº.

#naturaldye#textilesofbhutan#textiles#textile#bhutanesetextile#bhutnaesetextiles#textilelover#mats#intircatemats#silk#supplementaryweft#weave#woven#kelzangtextiles#kelzanghandicraft#handicraft#craft#handicraftbhutan#bhutanesedress#belt#runner#bhutantourism",181,5,,6
kelzangtextiles,"Our silk vegetable dyed kera looks stunning with the grey overtone on white silk ground ğŸ˜. Wishing everyone a wonderful dayğŸ’«.

#naturaldye#textilesofbhutan#textiles#textile#bhutanesetextile#bhutnaesetextiles#textilelover#mats#intircatemats#silk#supplementaryweft#weave#woven#kelzangtextiles#kelzanghandicraft#handicraft#craft#handicraftbhutan#bhutanesedress#belt#runner#bhutan",165,5,,3
kelzangtextiles,"Yesterday we completed our first online cardloom weaving class organized by our good friend Kubo san @yakland6554. We were overwhelmed by the enthusiasm and had more than 60 participants from first timers to seasoned weavers. 

We would like to express our heartfelt gratitude to Kubo san for initiating this and helping us during the pandemic. Your hard work and dedication for making this happen is truly appreciated la. @yakland6554 ğŸ˜‡â™¥ï¸âœ¨

Kelzang and Choying also took the opportunity to show their custom handwoven tegos to the participants and had a fun and joyful last session. ğŸ˜„",199,10,,6
kelzangtextiles,"Rinzinâ€™s loom with our natural dyed silk â€˜Keraâ€™ âœ¨ğŸ’«. Stay safe everyone and prayers for those affected ğŸ™.

#naturaldye#textilesofbhutan#textiles#textile#bhutanesetextile#bhutnaesetextiles#textilelover#mats#intircatemats#silk#supplementaryweft#weave#woven#kelzangtextiles#kelzanghandicraft#handicraft#craft#handicraftbhutan#bhutanesedress",126,0,,1
kelzangtextiles,"Tharaâ€™ Kira with vegetable dyed silk Japang in sweet lavender ğŸ’œ. Hope everyone is keeping well ğŸ¥°.",196,4,,4
kelzangtextiles,"Itâ€™s the time of the year again!! We are excited to dye with this little batch of rhododendrons that we picked up yesterday. Stay tuned for the results â˜ºï¸ ğŸŒº

#naturaldye#textilesofbhutan#textiles#textile#bhutanesetextile#bhutnaesetextiles#textilelover#mats#intircatemats#silk#supplementaryweft#weave#woven#kelzangtextiles#kelzanghandicraft#handicraft#craft#handicraftbhutan#bhutanesedress",185,6,,4
kelzangtextiles,"To all the incredibly strong and inspiring women. Happy Womenâ€™s Day!! ğŸ™ŒğŸ¼ğŸ˜‡

*kelzang picking up rhododendrons in April last year. âœ¨ğŸ¤",147,4,,2
kelzangtextiles,"Silk â€˜kishutharaâ€™ place mat ğŸ¤ğŸ•Š. This piece is woven by our weaver in Minjey village in Lhuentse. Even though it is a very challenging time for our business , we hope we can keep creating and supporting each other. Thank you to everyone whoâ€™s been holding us up â˜ºï¸ğŸ˜‡.

#naturaldye#textilesofbhutan#textiles#textile#bhutanesetextile#bhutnaesetextiles#textilelover#mats#intircatemats#silk#supplementaryweft#weave#woven#kelzangtextiles#kelzanghandicraft#handicraft#craft#handicraftbhutan#bhutanesedress",87,1,,2
kelzangtextiles,"Happy 41st Birth Anniversary to His Majesty
#blessed#peoplesking
 ğŸ’›ğŸ’›ğŸ’›",89,1,,1
kelzangtextiles,"Our vegetable dyed rawsilk tego jacket for our lovely customer @goskini is finally ready!! ğŸ¤©

Happy weekend ğŸ¥³ğŸ’‹",117,3,,4
kelzangtextiles,"Kelzang with her daughter Choying in 1996 in her shop in Norzin Lam ğŸ˜ğŸ’«ğŸ’›. Choying now helps kelzang at the shop and is also learning weaving at the same time â˜ºï¸.

#textilesofbhutan#textiles#textile#bhutanesetextile#bhutnaesetextiles#textilelover#silk#supplementaryweft#weave#woven#kelzangtextiles#kelzanghandicraft#handicraft#craft#handicraftbhutan#bhutan#weavers#weaversofbhutan",198,2,,1
kelzangtextiles,"Wishing everyone a Happy Losar ğŸ’«

Stay safe and enjoy our traditional vegetable dyed silk pattern on cotton ground full Kira. ğŸ¤—

#naturaldye#textilesofbhutan#textiles#textile#bhutanesetextile#bhutnaesetextiles#textilelover#mats#intircatemats#silk#supplementaryweft#weave#woven#kelzangtextiles#kelzanghandicraft#handicraft#craft#handicraftbhutan#bhutan#weavers#weaversofbhutan",165,10,,6
kelzangtextiles,"Kelzang is on to her next weave. Light toned natural dyed rawsilk motifs with a pop of brick red orange dyed with madder looks lovely on the midnight blue cotton ground. Fervently awaiting the end result ğŸ˜.

#naturaldye#textilesofbhutan#textiles#textile#bhutanesetextile#bhutnaesetextiles#textilelover#mats#intircatemats#silk#supplementaryweft#weave#woven#kelzangtextiles#kelzanghandicraft#handicraft#craft#handicraftbhutan#bhutan#weavers#weaversofbhutan",202,11,,3
kelzangtextiles,"Hope yâ€™all doing well. We canâ€™t wait to get back to work but we are still under our second lockdown. Meantime , our weaver Karma just finished this beautiful natural dyed rawsilk piece for @goskini . ğŸ™ŒğŸ¼
Hoping for a better 2021 ğŸ’«

#naturaldye#textilesofbhutan#textiles#textile#bhutanesetextile#bhutnaesetextiles#textilelover#mats#intircatemats#silk#supplementaryweft#weave#woven#kelzangtextiles#kelzanghandicraft#handicraft#craft#handicraftbhutan#bhutan#weavers#weaversofbhutan",162,5,,1
kelzangtextiles,"Our vegetable dyed rawsilk kera is finally done!! Thanks to the lockdown ğŸ˜„. And we are delighted with how it came out ğŸ¤©.

#naturaldye#textilesofbhutan#textiles#textile#bhutanesetextile#bhutnaesetextiles#textilelover#mats#intircatemats#silk#supplementaryweft#weave#woven#kelzangtextiles#kelzanghandicraft#handicraft#craft#handicraftbhutan#bhutan#weavers#weaversofbhutan",138,6,,6
kelzangtextiles,"Here is a pair of munchkin clad in a beautiful Kira from the 80â€™s to lighten your mood. 

#naturaldye#textilesofbhutan#textiles#textile#bhutanesetextile#bhutnaesetextiles#textilelover#mats#intircatemats#silk#supplementaryweft#weave#woven#kelzangtextiles#kelzanghandicraft#handicraft#craft#handicraftbhutan#bhutan#weavers#weaversofbhutan",202,4,,1
kelzangtextiles,"Wishing everyone a very â€˜MERRY CHRISTMASâ€™ ğŸ„ ğŸ„",246,8,,4
kelzangtextiles,"Right now on the loom, â€˜keraâ€™ womenâ€™s traditional belt with natural dyed rawsilk motifs. The patterns are inspired from the vintage cummerbund (displayed on the ground) which is woven on a back strap loom unlike the contemporary one woven on a card loom which is narrower in width.  The beautiful vintage kera is woven with indigo and lac dyed rawsilk. Whereas different pastel hues of green, peach , red, brown and olive are used for the new kera.

#naturaldye#textilesofbhutan#textiles#textile#bhutanesetextile#bhutnaesetextiles#textilelover#mats#intircatemats#silk#supplementaryweft#weave#woven#kelzangtextiles#kelzanghandicraft#handicraft#craft#handicraftbhutan#bhutan#weavers#weaversofbhutan",260,5,,3
kelzangtextiles,"20 year old Kelzang weaving a â€˜Mathraâ€™ Kira (plaid woolen fabric with predominantly red or maroon color) on a horizontal frame loom. They are a trademark of Bumthang in central Bhutan & one of the most popular design worn by both Bhutanese men and women to this day. The horizontal frame looms were introduced from Tibet in the mid 20th century. 

The second picture shows Kelzang weaving a silk â€˜Lungsermaâ€™ Kira (green and red patterning on a yellow ground) on a back strap loom.

#naturaldye#textilesofbhutan#textiles#textile#bhutanesetextile#bhutnaesetextiles#textilelover#mats#intircatemats#silk#supplementaryweft#weave#woven#kelzangtextiles#kelzanghandicraft#handicraft#craft#handicraftbhutan#bhutanese",141,3,,2
kelzangtextiles,"Adorable!!! ğŸ˜ğŸ˜˜ Sweet Simone wearing our handwoven silk on cotton face mask. ğŸ’™

#staysafe",81,2,,3
kelzangtextiles,"Face masks with silk motifs ğŸ’« 

Available at the store ğŸ™ŒğŸ¼",90,6,,3
kelzangtextiles,"Handwoven face masks ğŸ™ŒğŸ¼ğŸ€",77,0,,4
kelzangtextiles,"Natural dyed Rawsilk Tegoâ€™ Jacket in beautiful vintage â€˜kishutharaâ€™ motifs.

#naturaldye#textilesofbhutan#textiles#textile#bhutanesetextile#bhutnaesetextiles#textilelover#mats#intircatemats#silk#supplementaryweft#weave#woven#kelzangtextiles#kelzanghandicraft#handicraft#craft#handicraftbhutan#bhutanese",211,4,,4
kelzangtextiles,"Traditional â€˜vegetable dyedâ€™ silk motifs on cotton background. The silk yarns are dyed at home with madder, onion skin, walnut covers & artemisia plant.

#runner#tablerunner#textilesofbhutan#silk#naturaldyed#vegetabledyed#runner#ethinic#craft#weave#weaver#intricate#textilelovers#handloom#kelzanghandicraft#kelzangtextiles#thimphu#bhutan",123,9,,5
kelzangtextiles,"â€˜Silk Keraâ€™ - traditional womenâ€™s belt. Finely woven in vegetable dyed silk. 

#naturaldye#textilesofbhutan#textiles#textile#bhutanesetextile#bhutnaesetextiles#textilelover#mats#intircatemats#silk#supplementaryweft#weave#woven#kelzangtextiles#kelzanghandicraft#handicraft#craft#handicraftbhutan#bhutan#weavers#weaversofbhutan",121,2,,3
kelzangtextiles,"Iâ€™m part of the virtual Selvedge World Fair 3-5 September! Join me, @maddercutchandco @suzhou_cobblers @noir.handmade @bristolcloth @raasleelatextile @maddastudio and makers from 50 countries to celebrate cloth, culture, and creativity. 

Tickets and more info @selvedgemagazine 

#selvedgeworldfair#handmade#artisanmarket #heritagetextiles",105,4,,1
kelzangtextiles,"â€œArt enables us to find ourselves and lose ourselves at the same time.â€- Thomas Merton

Thankyou @goskini for this beautiful picture ğŸŒºğŸ˜.",70,0,,1
kelzangtextiles,"We are on our 12th day of our first lockdown. Kelzang is making best use of her time teaching her daughters and nieces how to weave. Even though, the pandemic has considerably affected our business, we are continuing working with few of our weavers and is keeping an optimistic view that things will return back to normal soon. We are extremely fortunate and blessed to have our beloved king takecare of us in this difficult time. We hope there are people taking care of people in need ğŸ’«. We would like to thank @indagaretravel for giving us an opportunity to connect to a wider audience and for promoting our work through zoom global classroom ğŸ™ŒğŸ¼. @selvedgemagazine for giving us the privilege to participate in 2020 Virtual Selvedge World Fair in September ğŸ™ŒğŸ¼. And our noom @samanthamanti for helping with our Etsy shop â˜ºï¸.",99,1,,1
kelzangtextiles,"Silk yellow full kishuthara with eight lucky symbol and other figurative motifs ğŸ’«.",134,7,,1
kelzangtextiles,"Face masks made out of woven fabric available at the store ğŸ˜ƒ. #staysafe",99,6,,3
kelzangtextiles,"Silk â€˜Keraâ€™ (ladies traditional belt) in beautiful teal blue with intricate vegetable dyed silk motifs ğŸ¦‹.",132,5,,4
kelzangtextiles,"This is an exquisite vintage â€˜bundriâ€™ textile used for wrapping and carrying large bundles made from one loom length with supplementary weft patterning. The ground is embellished with diamond shaped â€˜kushuâ€™ motifs such as those decorating womenâ€™s â€˜kushutharaâ€™ dresses and sometimes called â€˜ kushu bundriâ€™. Definitely one of our favorite collection at the shop ğŸ˜ğŸ’«.

#naturaldye#textilesofbhutan#textiles#textile#bhutanesetextile#bhutnaesetextiles#textilelover#mats#intircatemats#silk#supplementaryweft#weave#woven#kelzangtextiles#kelzanghandicraft#handicraft#craft#handicraftbhutan#bhutan#weavers#weaversofbhutan",97,2,,1
kelzangtextiles,"On the loom right now! Runner with vegetable dyed rawsilk motifs. The pattern is inspired by the motifs on the old vintage â€˜yarthaâ€™ woolen blanket.

#naturaldye#textilesofbhutan#textiles#textile#bhutanesetextile#bhutnaesetextiles#textilelover#mats#intircatemats#silk#supplementaryweft#weave#woven#kelzangtextiles#kelzanghandicraft#handicraft#craft#handicraftbhutan#bhutan#weavers#weaversofbhutan",115,6,,2
kelzangtextiles,"First official pictures of His Royal HighnessğŸ¤´ğŸ». Precious ğŸ’«âœ¨ğŸ’›",97,0,,2
kelzangtextiles,"Natural dyed silk kishuthara ğŸ’«with warm gold tones and exquisite traditional motifs â­ï¸",120,4,,2
kelzangtextiles,"â€˜Silk Keraâ€™ - traditional womenâ€™s belt. Finely woven in vegetable dyed silk with a hint of metallic silver. ğŸ’«

#naturaldye#textilesofbhutan#textiles#textile#bhutanesetextile#bhutnaesetextiles#textilelover#mats#intircatemats#silk#supplementaryweft#weave#woven#kelzangtextiles#kelzanghandicraft#handicraft#craft#handicraftbhutan#bhutan#weavers#weaversofbhutan",191,17,,2
kelzangtextiles,"Feeling the summer with this mustard vegetable dyed runner.
ğŸ¥°ğŸ’›ğŸŒ¹ğŸŒ #naturaldye#textilesofbhutan#textiles#textile#bhutanesetextile#bhutnaesetextiles#textilelover#mats#intircatemats#silk#supplementaryweft#weave#woven#kelzangtextiles#kelzanghandicraft#handicraft#craft#handicraftbhutan#bhutan#weavers#weaversofbhutan",86,3,,2
kelzangtextiles,"Get ready for some yarn dyeing with these beautiful rhododendrons ğŸŒº. Just picked em up yesterday from the wild. Follow us for updates ğŸ¤—ğŸŒº. We are super excited and so is Maple. She doesnâ€™t look so keen in the pic tho ğŸ˜. #naturaldye#textilesofbhutan#textiles#textile#bhutanesetextile#bhutnaesetextiles#textilelover#mats#intircatemats#silk#supplementaryweft#weave#woven#kelzangtextiles#kelzanghandicraft#handicraft#craft#handicraftbhutan#bhutan#weavers#weaversofbhutan",113,2,,3
kelzangtextiles,"Artist-
Norbu Choden
Age-57

Went to see Norbu today at her home where she is weaving one of our vegetable dyed silk â€˜Rachuâ€™. She has been with us as long as we were around that is some odd 24 years. Wooh! Norbu is from Pema Gatshel in Eastern Bhutan. She was taught how to weave by her mother and started weaving since a little 8 year old girl. She has never married and has no children but has taken care of her parents and relatives making a living out of weaving. 
Proud to have Norbu as one of our talented Weaver. âœ¨

#naturaldye#textilesofbhutan#textiles#textile#bhutanesetextile#bhutnaesetextiles#textilelover#mats#intircatemats#silk#supplementaryweft#weave#woven#kelzangtextiles#kelzanghandicraft#handicraft#craft#handicraftbhutan#bhutan#weavers#weaversofbhutan",85,0,,2
kelzangtextiles,"Vegetable dyed Silk Rachu âœ¨",123,7,,2
kelzangtextiles,"Vegetable dyed silk detailed Tego with plain rawsilk sleeve & collar.

#naturaldye#textilesofbhutan#textiles#textile#bhutanesetextile#bhutnaesetextiles#textilelover#mats#intircatemats#silk#supplementaryweft#weave#woven#kelzangtextiles#kelzanghandicraft#handicraft#craft#handicraftbhutan#bhutanese",145,5,,3
kelzangtextiles,"Happy 40th birth anniversary to His Majesty. âœ¨ğŸ™ğŸ’›
#blessed#peoplesking",52,1,,1
kelzangtextiles,"silk panel with detailed vegetable dyed pattern. âœ¨

#naturaldye#textilesofbhutan#textiles#textile#bhutanesetextile#bhutnaesetextiles#textilelover#mats#intircatemats#silk#supplementaryweft#weave#woven#kelzangtextiles#kelzanghandicraft#handicraft#craft#handicraftbhutan#bhutanese",111,0,,2
kelzangtextiles,"Silk sling bag with intricately woven flap. 
#naturaldye#textilesofbhutan#textiles#textile#bhutanesetextile#bhutnaesetextiles#textilelover#mats#intircatemats#silk#supplementaryweft#weave#woven#kelzangtextiles#kelzanghandicraft#handicraft#craft#handicraftbhutan#bhutanese",111,2,,2
kelzangtextiles,"Rawsilk stole in classic natural dyed motifs.

#naturaldye#textilesofbhutan#textiles#textile#bhutanesetextile#bhutnaesetextiles#textilelover#mats#intircatemats#silk#supplementaryweft#weave#woven#kelzangtextiles#kelzanghandicraft#handicraft#craft#handicraftbhutan#bhutanese",115,7,,3
kelzangtextiles,"Canâ€™t help but fancy how stunning this is gonna look on gorgeous @sally.baughen ğŸ¤—. Follow us for updates!! ğŸ˜Š 
Vegetable dyed rawsilk motifs on navy cotton ground. âœ¨

#naturaldye#textilesofbhutan#textiles#textile#bhutanesetextile#bhutnaesetextiles#textilelover#mats#intircatemats#silk#supplementaryweft#weave#woven#kelzangtextiles#kelzanghandicraft#handicraft#craft#handicraftbhutan#bhutanese",84,1,,1
kelzangtextiles,"Happy 4th birth anniversary to our precious jewel the Gyalsey HRH Jigme Namgyel Wangchuck. ğŸ‘‘ âœ¨ğŸ’›",111,4,,1
kelzangtextiles,"Jacket made out of vintage Kira for a customer. 
#textilesofbhutan#textile#textiles#vintagetextile#vintagetextiles#thimphu#weave#woven#antique#bhutan#vintage",124,9,,3
kelzangtextiles,"Thankyou @samanthamanti ğŸ’•for getting our vegetable dyed runner for your friend. Tastefully blending with the colors of the room. ğŸ˜#naturaldye#textilesofbhutan#textiles#textile#bhutanesetextile#bhutnaesetextiles#textilelover#mats#intircatemats#silk#supplementaryweft#weave#woven#kelzangtextiles#kelzanghandicraft#handicraft#craft#handicraftbhutan#bhutan",45,1,,1
kelzangtextiles,"Our vegetable dyed runner looking amazing at @goskini â€˜s home in London! ğŸ˜ğŸ˜ƒ
#naturaldye#textilesofbhutan#textiles#textile#bhutanesetextile#bhutnaesetextiles#textilelover#mats#intircatemats#silk#supplementaryweft#weave#woven#kelzangtextiles#kelzanghandicraft#handicraft#craft#handicraftbhutan#bhutan",80,2,,1
kelzangtextiles,"Kelzang weaving on a â€˜horizontal frame loomâ€™ at her home in 1991 ğŸ’«.",114,1,,1
kelzangtextiles,"Currently on the loom. Horses with jewel on the back. The motifs are vegetable dyed rawsilk. 
#bhutanesetextile#textilesofbhutan#textilebhutan#textiles#textile#weave#woven#weaver#loom#rawsilk#vegetabledye#natural#organic#craft#art#bhutan#kelzanghandicraft#kelzangtextiles",127,2,,2
kelzangtextiles,"Silk motifs on cotton ground clutch. ğŸŒ¸

#bhutanesetextile#textilesofbhutan#textiles#bhutan#handbag#clutch#kelzangtextiles#handmade#handwoven#weave#kelzanghamdicraft",80,4,,5
kelzangtextiles,"Silk stole in pastel. Silk yarn dyed with madder, onion skin, walnut husk and indigo. 
#bhutanesetextile#textilebhtan#textilesofbhutan#silk#stole#textile#vegetabledyed#natural#organic#weave#woven#weaver#bhutan#art#craft#kelzangtextiles#kelzanghandicraft",59,1,,1
kelzangtextiles,"Currently on the loom. Vegetable dyed raw silk place mats.

#bhutanesetextile#textilesofbhutan#textilebhutan#textiles#textile#weave#woven#weaver#loom#rawsilk#vegetabledye#natural#organic#craft#art#bhutan#kelzanghandicraft#kelzangtextiles",105,3,,1
kelzangtextiles,"Walnut dyed silk stole ğŸ#textilesofbhutan#textile#intricate#handwoven#weave#vegetabledyed#kelzangtextiles#organicdyeing#bhutan",65,0,,2
kelzangtextiles,"Place Mat with vegetable dyed Thrima pattern on cotton ground. 
#textilesofbhutan#silk#naturaldyed#vegetabledyed#runner#ethinic#craft#weave#weaver#intricate#textilelovers#handloom#kelzanghandicraft#kelzangtextiles#thimphu#bhutan",81,0,,1
kelzangtextiles,"Walnut dyed brown cotton base with silk motifs. âœ¨
#textilesofbhutan#silk#naturaldyed#vegetabledyed#runner#ethinic#craft#weave#weaver#intricate#textilelovers#handloom#kelzanghandicraft#kelzangtextiles#thimphu#bhutan",65,1,,1
kelzangtextiles,"Vegetable dyed silk place mats with traditional striped ground patterned with intricate â€™Thrimaâ€™ design.
#textilesofbhutan#silk#naturaldyed#vegetabledyed#silk#ethinic#craft#weave#weaver#intricate#textilelovers#handloom#kelzanghandicraft#kelzangtextiles#thimphu#bhutan",73,2,,1
kelzangtextiles,"Natural dyed silk clutch with supplementary weft motifs. 
#textilesofbhutan#silk#naturaldyed#vegetabledyed#clutch#ethinic#craft#weave#weaver#intricate#textilelovers#handloom#kelzanghandicraft#kelzangtextiles#thimphu#bhutan",62,3,,1
kelzangtextiles,"Natural dyed raw silk runner with a hint of pastel pink ğŸŒ¸
#textilesofbhutan#silk#naturaldyed#vegetabledyed#runner#ethinic#craft#weave#weaver#intricate#textilelovers#handloom#kelzanghandicraft#kelzangtextiles#thimphu#bhutan",101,2,,1
kelzangtextiles,"Vegetable dyed silk stole.
#textilesofbhutan#textile#intricate#handwoven#weave#vegetabledyed#kelzangtextiles#organicdyeing#bhutan",87,1,,1
kelzangtextiles,"Hand woven cotton stole.
#textilesofbhutan#textile#stole#handwoven#weave##kelzangtextiles#handmade#craft#bhutan",63,0,,1
kelzangtextiles,"Vegetable dyed silk stole
#textilesofbhutan#textile#intricate#handwoven#weave#vegetabledyed#kelzangtextiles#organicdyeing#bhutan",48,0,,1
kelzangtextiles,"Canâ€™t wait for the weekend to see what shades we get with these beauties ğŸ˜. Picked them up on the way to Haa ValleyğŸŒº.
#yarndyeing#rhododendron#naturaldyeing#weaving#textiles#textilebhutan#textilesofbhutan#organicdyeing#dyeing#flowers#bhutan#kelzangtextiles",50,1,,2
kelzangtextiles,"Gold âœ¨ vegetable dyed silk panel. 
#textilesofbhutan#textile#intricate#handwoven#weave#vegetabledyed#kelzangtextiles#organicdyeing#bhutan",63,0,,1
kelzangtextiles,"Weekend dyeing at home.ğŸ  We got beautiful hues of magenta, green, brown, lilac and saffron from  Madder, Lac, Artemisia, Rhododendron flower, Avocado, Walnut husk and Teak wood. ğŸƒ
#vegetabledyeing#bhutan#textilesofbhutan#organic#organicdyeing#kelzangtextiles",106,3,,10
kelzangtextiles,"Silk on cotton place mats.
#textilesofbhutan#textiles#textile#bhutanesetextile#bhutnaesetextiles#textilelover#mats#intircatemats#silk#supplementaryweft#weave#woven#kelzangtextiles#kelzanghandicraft#handicraft#craft#handicraftbhutan#bhutan",74,0,,1
kelzangtextiles,"Silk Runner with intricate supplementary weft pattern.
#textilesofbhutan#textiles#textile#bhutanesetextile#bhutnaesetextiles#textilelover#mats#intircatemats#silk#supplementaryweft#weave#woven#kelzangtextiles#kelzanghandicraft#handicraft#craft#handicraftbhutan#bhutan",92,3,,2
kelzangtextiles,"Kishuthara place mats.
#textilesofbhutan#textiles#textile#bhutanesetextile#bhutnaesetextiles#textilelover#mats#intircatemats#silk#supplementaryweft#weave#woven#kelzangtextiles#kelzanghandicraft#handicraft#craft#handicraftbhutan#bhutan",99,4,,2
kelzangtextiles,"Silk Runner with intricate supplementary weft pattern.
#naturaldye#textilesofbhutan#textiles#textile#bhutanesetextile#bhutnaesetextiles#textilelover#mats#intircatemats#silk#supplementaryweft#weave#woven#kelzangtextiles#kelzanghandicraft#handicraft#craft#handicraftbhutan#bhutan",96,1,,1
kelzangtextiles,"Rawsilk pattern on cotton ground.

#textilesofbhutan#textiles#textile#bhutanesetextile#bhutnaesetextiles#textilelover#mats#intircatemats#silk#supplementaryweft#weave#woven#kelzangtextiles#kelzanghandicraft#handicraft#craft#handicraftbhutan#bhutan",80,1,,1
kelzangtextiles,"Silk mats with intricate supplementary weft weave.
#textilesofbhutan#textiles#textile#bhutanesetextile#bhutnaesetextiles#textilelover#mats#intircatemats#silk#supplementaryweft#weave#woven#kelzangtextiles#kelzanghandicraft#handicraft#craft#handicraftbhutan#bhutan",75,0,,2
kelzangtextiles,"Vegetable dyed silk on cotton kishuthara runner. Silk yarn dyed with madder, onion skin, indigo & artemisia. 
#textilesofbhutan#silk#naturaldyed#vegetabledyed#runner#ethinic#craft#weave#weaver#intricate#textilelovers#handloom#kelzanghandicraft#kelzangtextiles#thimphu#bhutan",107,0,,2
kelzangtextiles,"#kishutharaclutch#silkclutch#silk#handmade#hamdwoven#textile#textilesofbhutan#handloom#weave#craft#bhutan#kelzanghandicraft#kelzangtextiles",112,1,,2
kelzangtextiles,"Natural dyed Tima pattern pouches. 
#bhutanesetextile#textilesofbhutan#textile#handmade#weave#woven#handloom#bhutan#kelzangtextiles#kelzanghandicraft",119,3,,2
kelzangtextiles,"Silk scarves #bhutanesetextiles#handwoven#scarves#textile#weave#textilesofbhutan#handmade#bhutan",78,1,,3
kelzangtextiles,"Cotton scarves âœ¨

#bhutanesetextiles#handwoven#scarves#textile#weave#textilesofbhutan#handmade#bhutan",62,0,,2
kelzangtextiles,"Right off the loom. Vegetable dyed silk place mats. They are yet to be trimmed and cut into individual pieces. Silk dyed with walnut skin, madder,artemisia and onion husk. 
#naturaldyed#silk#textilesofbhutan#bhutanesetextile#textile#handwoven#natural#organic#placemats#woven#handmade#kelzangtextiles#intricate#design#bhutan",84,1,,2
kelzangtextiles,"#vintagetextiles#kira#antique#vintagebroaches#textilesofbhutan#textile#art#craft#bhutanesetextile#bhutan#handwoven#weave#bhutanese#oldtextiles",181,2,,2
kelzangtextiles,"#textiletuesday

Kelzang showing tourists exquisite silk kira panels. â€¢2003

#kira#silk#textilesofbhutan#bhutanesetextile#textile#textiles#weave#intricate#woven#handwoven#kishuthara#art#handloom#loom#kelzangtextile#bhutan",94,0,,1
kelzangtextiles,"Vintage bliss ğŸ’«

#textilesofbhutan#textile#textiles#vintagetextile#vintagetextiles#thimphu#weave#woven#antique#bhutan#vintage",160,0,,1
kelzangtextiles,"Cotton scarf with vegetable dyed silk motifs. 
Photo credit-@homecooked_by_chimmi @strangersinparadise_bhutan 
#scarves#silkmotifs#cotton#woven#textilesofbhutan#textile#kelzangtextiles#bhutan#handicraft#weaver#scarf#bhutan",101,0,,1
kelzangtextiles,"Vegetable dyed silk motifs on cotton ground. Simple kushuthara with detailed Japang paired with beautiful vintage tego.

Photo credit- @homecooked_by_chimmi @strangersinparadise_bhutan 
#textilesofbhutan#textile#textiles#warp#kira#traditional#vintage#silk#kelzangtextiles#kelzanghandicraft#bhutan#textilelover#weaver#weave#woven#intricate",205,4,,1
kelzangtextiles,"Nothing is as beautiful and classic as a â€˜Silk Kishutharaâ€™. Pouches and place mats in this wonderful intricate fabric. 
#textilesofbhutan#kishuthara#textiles#textile#weave#woven#handwoven#intricate#beautiful#exquisite#silk#kira#purse#mats#bhutsnese#bhutan#bhutanesetextile#bhutanesetextiles",168,5,,4
kelzangtextiles,"Kinley Wangmo is an expert weaver/designer. She has won several awards from the Royal Textile Academy over the years for her kira designs. Always admire her creativity and eye for amazing color combinations and recreation of wonderful textiles based on old designs. If you are a textile enthusiast her store @tashiyoedbar is a must visit. She is currently working on this beautiful kira panel. Can already imagine how beautiful itâ€™s going look even though the patterns are barely distinct. 
#textilesofbhutan#textilesdesigners#textile#kira#design#weaver#designer#art#creation#handwoven#weave#loom#handloom#textilestore#bhutan",101,2,,3
kelzangtextiles,"Beautiful hues of green, yellow and lavender from leaves and fruits of Symplocos Myrtaceae. 
#orgaincdyeing#organic#natural#naturaldyeing#silk#yarndyeing#wild#plants#dyes#homedyeing#kelzanghandicraf#textilemaking#kelzangtextiles#bhutan#textiles",80,2,,5
kelzangtextiles,"Recreating figurative patterns on a runner form an old traditional â€˜Tsamkhuâ€™ bag. Tsamkhuâ€™s are cylindrical drawstring bags used for transporting rice, flour and roasted grains. Nowadays â€˜Tsamkhusâ€™ are made from machine made rather than hand woven fabric and have ends made from commercial woolen felt. The one in the picture is a rare and beautiful piece made from fabric woven in nettle with indigo dyed blue and madder dyed red rawsilk motifs. 
#tsamkhu#bag#bhutan#bhutanesetextile#bhutanesetextiles#handmade#handwoven#old#naturaldyed#textile",78,1,,1
kelzangtextiles,"#bhutanesetextiles#bhutan#textiles#textilelover",201,9,,1
kelzangtextiles,"#kishuthara#bhutan#textile#kelzangtextiles",140,1,,1
kelzangtextiles,"Long live â€œThe Dragon King.â€ Happy Birthday Your Majesty. ğŸ’›âœ¨",53,1,,1
kelzangtextiles,"Marthra metochem paired with dark green rawsilk Tego âœ¨",93,0,,1
kelzangtextiles,"#vintagetextile#old#textile#textilesofbhutan#bhutan#beautiful#antique#woven#weave",91,0,,1
kelzangtextiles,"#vintagetextile#old#textile#textilesofbhutan#bhutan#beautiful#antique#woven#weave",56,1,,1
kelzangtextiles,"#vintagetextile#old#textile#textilesofbhutan#bhutan#beautiful#antique#woven#weave",83,1,,1
kelzangtextiles,"Kelzang featured in Otani-sanâ€™s Book. Picture taken around 1989. She is seen on the left side page holding a beautiful rawsilk Kishuthara at her home in Changzamotg, Thimphu. 
#bhutan#textile#textiles#textilesofbhutan#bhutanesetextile#weaver#bhutaneseweaver#weave#woven#kira#kelzanghandicraft",86,9,,3
kelzangtextiles,"Happy 2nd Birthday to our adorable Gyalsey HRH Jigme Namgyel Wangchuck âœ¨ğŸ‘‘ğŸ’›",70,2,,2
kelzangtextiles,"Vegetable dyed raw silk motifs on cotton ground. Traditional â€˜Tharaâ€™ runners. 
bhutanesetextile#textilesofbhutan#textile#textiles#weave#woven#handwoven#handmade#runners#intricate#pattern#bhutan#naturaldyed#naturaldyes#kelzanghandicraft",96,2,,1
kelzangtextiles,"#textile#textiles#textilesofbhutan#bhutanesetextile#bhutan#loom#handloom#handmade#naturaldyedsilk#silk#weave#woven",80,1,,1
kelzangtextiles,"Kelzang in 1996 ğŸ’™",55,1,,1
